Bobson,Bob,Bob@gmail.com,10 King Street,856956,2015-11-26
Carrick,Paul,paul_carrick@hotmail.com,24 Brooklyn Road,125865,2015-04-27
Walker,Trever,Trever111@yahoo.ca,17 Brookmill Court,862547,2014-12-19
Bautista,Jose,Joselol@gmail.com,100 Jarvis Street,729143,2015-10-23
McArdle,Lauren,Laurenn@yahoo.com,27 Nevark Drive,288450,2015-06-29
Wesley,John,john666@hotmail.com,49 Warden Avenue,681394,2014-11-04
Kessel,Mike,Supermikey@yahoo.ca,27 Nevark Drive,288450,2015-06-29
Hatcher,Jessica,Hatcher_Jessica@gmail.com,1211 Bridlewood Circle,601248,2015-07-17
Patel,Lily,Lily_patel@hotmail.com,63 Kingston Road,924137,2016-02-13
Khan,Amir,khan100@yahoo.ca,2499 Yonge Street,753802,2016-04-25